RankEuromonitor,City,Country,CountryCode,Arrivals 2017Euromonitor,Arrivals 2016Mastercard
1,Hong Kong,Hong Kong,HK,"25,695,800","8,370,000"
2,Bangkok,Thailand,TH,"23,270,600","21,470,000"
3,London,United Kingdom,GB,"19,842,800","19,880,000"
4,Singapore,Singapore,SG,"17,681,800","12,110,000"
5,Macau,Macau,MO,"16,299,100",
6,Dubai,United Arab Emirates,AE,"16,010,000","15,270,000"
7,Paris,France,FR,"14,263,000","18,030,000"
8,New York City,United States,US,"13,100,000","12,750,000"
9,Shenzhen,China,CN,"12,962,000","2,120,000"
10,Kuala Lumpur,Malaysia,MY,"12,843,500","12,020,000"
11,Phuket,Thailand,TH,"12,079,500",
12,Delhi,India,IN,"10,257,000","2,580,000"
13,Tokyo,Japan,JP,"9,713,500","10,700,000"
14,Rome,Italy,IT,"9,565,500","7,120,000"
15,Taipei,Taiwan,TW,"9,318,900","7,350,000"
16,Guangzhou,China,CN,"9,075,500","3,700,000"
17,Mumbai,India,IN,"8,884,900","4,860,000"
18,Mecca,Saudi Arabia,SA,"8,745,000",
19,Istanbul,Turkey,TR,"8,642,300","11,950,000"
20,Prague,Czech Republic,CZ,"8,550,700","5,810,000"
21,Miami,United States,US,"8,075,800","5,240,000"
22,Seoul,South Korea,KR,"7,659,100","10,200,000"
23,Barcelona,Spain,ES,"7,624,100","8,200,000"
24,Pattaya,Thailand,TH,"7,313,500",
25,Shanghai,China,CN,"7,201,200","6,120,000"
26,Milan,Italy,IT,"6,882,500","7,650,000"
27,Cancún,Mexico,MX,"6,761,000",
28,Agra,India,IN,"6,744,400",
29,Las Vegas,United States,US,"6,687,800",
30,Amsterdam,Netherlands,NL,"6,570,400","8,000,000"
31,Antalya,Turkey,TR,"6,447,400",
32,Denpasar,Indonesia,ID,"6,238,300",
33,Osaka,Japan,JP,"6,133,100","7,020,000"
34,Los Angeles,United States,US,"6,074,300","5,600,000"
35,Vienna,Austria,AT,"6,043,700","6,690,000"
36,Berlin,Germany,DE,"5,833,100","4,940,000"
37,Madrid,Spain,ES,"5,581,000","5,260,000"
38,Johor Bahru,Malaysia,MY,"5,571,400",
39,Johannesburg,South Africa,ZA,"5,537,300","3,600,000"
40,Riyadh,Saudi Arabia,SA,"5,518,400","4,590,000"
41,Ho Chi Minh City,Vietnam,VN,"5,500,000","3,050,000"
42,Venice,Italy,IT,"5,227,300",
43,Orlando,United States,US,"5,269,000",
44,Chennai,India,IN,"5,186,300","4,370,000"
45,Jaipur,India,IN,"5,088,600",
46,Athens,Greece,GR,"4,978,600","2,680,000"
47,Dublin,Ireland,IE,"4,977,000","4,970,000"
48,Florence,Italy,IT,"4,878,500",
49,Moscow,Russia,RU,"4,632,300","1,830,000"
50,Toronto,Canada,CA,"4,451,000","4,520,000"
51,Hanoi,Vietnam,VN,"4,300,000","2,200,000"
52,Beijing,China,CN,"4,156,700","4,050,000"
53,Ha Long,Vietnam,VN,"4,000,000",
54,Sydney,Australia,AU,"3,857,900","3,750,000"
55,Budapest,Hungary,HU,"3,823,900","3,360,000"
56,Punta Cana,Dominican Republic,DO,"3,673,600","2,730,000"
57,San Francisco,United States,US,"3,601,600","3,930,000"
58,Jakarta,Indonesia,ID,"3,587,500","1,550,000"
59,Dammam,Saudi Arabia,SA,"3,584,800",
60,Munich,Germany,DE,"3,492,000","5,250,000"
61,Lisbon,Portugal,PT,"3,320,300","3,630,000"
62,Zhuhai,China,CN,"3,277,000",
63,Heraklion,Greece,GR,"3,208,300",
64,Penang Island,Malaysia,MY,"3,194,400",
65,Cairo,Egypt,EG,"3,067,100","1,550,000"
66,Copenhagen,Denmark,DK,"3,061,000","1,630,000"
67,Kyoto,Japan,JP,"3,029,600",
68,Phnom Penh,Cambodia,KH,"3,016,900",
69,Doha,Qatar,QA,"3,016,600",
70,Chiang Mai,Thailand,TH,"2,944,600",
71,Edirne,Turkey,TR,"2,934,100",
72,Jerusalem,Israel,IL,"2,888,600",
73,Saint Petersburg,Russia,RU,"2,856,500","990,000"
74,Warsaw,Poland,PL,"2,794,700","1,370,000"
75,Melbourne,Australia,AU,"2,782,700","2,650,000"
76,Marrakesh,Morocco,MA,"2,668,700",
77,Vancouver,Canada,CA,"2,652,600","3,900,000"
78,Auckland,New Zealand,NZ,"2,625,100",
79,Tel Aviv,Israel,IL,"2,613,800","990,000"
80,Honolulu,United States,US,"2,574,900",
81,Artvin,Turkey,TR,"2,572,300",
82,Kolkata,India,IN,"2,550,400","1,720,000"
83,Kraków,Poland,PL,"2,550,000",
84,Guilin,China,CN,"2,531,500",
85,Brussels,Belgium,BE,"2,524,000","2,710,000"
86,Frankfurt am Main,Germany,DE,"2,511,400","3,620,000"
87,Stockholm,Sweden,SE,"2,471,200","2,080,000"
88,Jeju,South Korea,KR,"2,429,400",
89,Mexico City,Mexico,MX,"2,351,000","2,980,000"
90,Siem Reap,Cambodia,KH,"2,337,600",
91,Lima,Peru,PE,"2,274,000","4,030,000"
92,Rio de Janeiro,Brazil,BR,"2,253,600","1,370,000"
93,Rhodes,Greece,GR,"2,252,100",
94,Buenos Aires,Argentina,AR,"2,241,200","2,020,000"
95,Colombo,Sri Lanka,LK,"2,206,000","1,130,000"
96,Abu Dhabi,United Arab Emirates,AE,"2,182,900","3,140,000"
97,Taichung,Taiwan,TW,"2,175,000",
98,Washington D.C.,United States,US,"2,154,000","2,180,000"
99,Chiba,Japan,JP,"2,152,600",
100,Nice,France,FR,"2,141,000",
101,São Paulo,Brazil,BR,,"2,300,000"
102,Zürich,Switzerland,CH,,"2,240,000"
103,Montreal,Canada,CA,,"2,240,000"
104,Chicago,United States,US,,"2,080,000"
105,Düsseldorf,Germany,DE,,"1,950,000"
106,Boston,United States,US,,"1,740,000"
107,Chengdu,China,CN,,"1,740,000"
108,Edinburgh,United Kingdom,GB,,"1,660,000"
109,San Jose,United States,US,,"1,630,000"
110,Tehran,Iran,IR,,"1,520,000"
111,Houston,United States,US,,"1,500,000"
112,Hamburg,Germany,DE,,"1,450,000"
113,Cape Town,South Africa,ZA,,"1,370,000"
114,Manila,Philippines,PH,,"1,320,000"
115,Bogota,Colombia,CO,,"1,260,000"
116,Xi'an,China,CN,,"1,210,000"
117,Beirut,Lebanon,LB,"1,160,000",
118,Geneva,Switzerland,CH,,"1,150,000"
119,Xiamen,China,CN,,"1,090,000"
120,Bucharest,Romania,RO,,"1,050,000"
121,Casablanca,Morocco,MA,"1,050,000",
122,Atlanta,United States,US,,"1,020,000"
123,Sofia,Bulgaria,BG,,"1,010,000"
124,Dalian,China,CN,,"940,000"
125,Montevideo,Uruguay,UY,,"930,000"
126,Amman,Jordan,JO,,"930,000"
127,Hangzhou,China,CN,,"900,000"
128,Pune,India,IN,,"900,000"
129,Durban,South Africa,ZA,,"830,000"
130,Dallas,United States,US,,"780,000"
131,Accra,Ghana,GH,,"760,000"
132,Quito,Ecuador,EC,,"750,000"
133,Tianjin,China,CN,,"750,000"
134,Bangalore,India,IN,,"740,000"
135,Qingdao,China,CN,,"730,000"
136,Philadelphia,United States,US,,"720,000"
137,Lagos,Nigeria,NG,,"710,000"